,Producto,Precio,Porcentaje,Precio anterior
0,Tablet  Samsung Galaxy Tab A7 Sm-t500 10.4  64gb Dark Gray Con 3gb De Memoria Ram ,$ 33.999,10% OFF,$ 37.999
1,Zapatillas Jaguar Oficial Art. #4325 39 Al 45,$ 4.469,9% OFF,$ 4.965
2,Deportiva Negro Topper Oed Panamá 90095,$ 4.249,15% OFF,$ 4.999
3,Tablet  Samsung Galaxy Tab A7 Lite Sm-t220 8.7  32gb Gris Con 3gb De Memoria Ram ,$ 19.999,20% OFF,$ 24.999
4,Bicicleta Nordic X1 By Slp R29 21v Disco Suspension Oferta,$ 46.799,19% OFF,$ 57.989
5,Smart Tv LG Ai Thinq 50un7310psc Led 4k 50 ,$ 64.799,10% OFF,$ 71.999
6, Moto G20 64 Gb Rosa Flamingo 4 Gb Ram,$ 28.999,5% OFF,$ 30.599
7,Notebook Gamer Intel Core I3 10ma 14  8gb 1tb Enova Win Cta,$ 81.277,29% OFF,$ 115.615
8,Soldadora Inverter 120 Amp Envio Gratis Oferta Pampa,$ 7.124,35% OFF,$ 11.000
9,Kit 3 Camaras Seguridad Ip Motorizado Wifi Vision Nocturna,$ 10.847,9% OFF,$ 11.999
10,Reflector Led 100w Rgb Exterior Alta Potencia Control Ip65,$ 4.19916,16% OFF,$ 4.999
11,Smart Tv LG Ai Thinq 32lm620bpsa Led Hd 32  100v/240v,$ 33.949,22% OFF,$ 34.999
12,Kit Set Mancuerna Barra Topes Rosca Fitness + Discos 15 Kg,$ 5.499,13% OFF,$ 7.100
13,Sierra Sensitiva Cortadora + Discos 1800w Lusqtoff Cm14k,$ 14.393,24% OFF,$ 16.729
14,Notebook Hp Stream 14-ax112la Celeron N4020 4gb 64gb Win 10,$ 49.999,10% OFF,$ 66.399
15,Zte Blade A5 Plus 32 Gb Negro 2 Gb Ram,$ 12.59910,17% OFF,$ 13.999
16, Shorts Futbol Equipos Pantalones Cortos Pack X 3 Mayorista,$ 1.494,11% OFF,$ 1.800
17,"Tira Luces Led 5050 Rgb, Kit Completo,control Y Fuente",$ 1.77911,33% OFF,$ 1.999
18,Auriculares Logitech H390 Negro,$ 3.699,15% OFF,$ 5.599
19,Xiaomi Imilab Kw66 Smart Watch 1.28  Caja De  Aleación De Zinc  Black Malla  Black,$ 4.645,0%,
20,Camisa Manga Larga De Hombre Cuello Mao  Cuotas Sin Interes,$ 2.94847,11% OFF,$ 3.468
21,Pared Decowall Placa Auto-adhesiva! 3d! Envios Por 4 Placas!,$ 3.115,21% OFF,$ 3.500
22,Zapatilla Topper Ultralight Ii 52510 - Nuevo!!!,$ 3.909,15% OFF,$ 4.999
23,Lampara Led Bulb Wiz Wifi Color 9w E27 X3 Unidades,$ 5.57515,57% OFF,$ 6.559
24,Perfume Mujer Rapsodia Wild Edp 100ml ,$ 1.511,13% OFF,$ 3.570
25,Calefactor Electrico Panel Estufa Bajo Consumo Hogar Gtia 2,$ 4.48745,23% OFF,$ 5.189
26,LG K61 128 Gb Titanio 4 Gb Ram,$ 28.999,19% OFF,$ 37.999
27,Planchita De Pelo Babylisspro Nano Titanium 2091 Babnt2091t Azul 220v,$ 11.990,25% OFF,$ 14.900
28,Zapatillas Topper Ultralight Ii W 52550 - Nuevo!,$ 3.74925,26% OFF,$ 4.999
29,Hidrolavadora Cadena Zero Hi110 De 1450w Con 110bar De Presión Máxima 220v,$ 6.792,24% OFF,$ 9.201
30,Antonio Banderas The Golden Secret Edt 100 ml Para  Hombre,$ 2.606,11% OFF,$ 3.465
31,Xiaomi Mi Smart Band 5 1.1  Caja De  Plástico Pc Malla  Black De  Elastómero Termoplástico Y Aleación De Aluminio Xmsh10hm,$ 3.050,0%,
32,Almohada Cervical Inteligente (sin Funda) 50x35x10/7,$ 97811,23% OFF,$ 1.099
33,LG K61 128 Gb Titanio 4 Gb Ram,$ 28.999,12% OFF,$ 37.999
34,Auriculares In-ear Inalámbricos Sony Wi-c200 Blanco,$ 2.799,9% OFF,$ 3.199
35,Mampara Acrílica | Barrera Sanitaria | Extra Grande 120x60,$ 4.94910,19% OFF,$ 5.499
36,Mercado Pago Point Smart Chip 4gb Celular + Impresora Posnet,$ 3.609,10% OFF,$ 4.499
37,Xiaomi Imilab Kw66 Smart Watch 1.28  Caja De  Aleación De Zinc  Silver Malla  Green,$ 4.63050,15% OFF,$ 5.145
38,Cámara Ip Wifi Ptz 360º 1080p Alarma Audio Auto-tracking Sd,$ 8.37250,14% OFF,$ 9.850
39,Auriculares In-ear Inalámbricos Sony Wf-xb700 Negro,$ 8.599,5% OFF,$ 9.999
40,Parlante Bluetooth Portátil Led Inalámbrico Usb Recargable,$ 1.09155,57% OFF,$ 1.149
41,Perfume Mujer Rapsodia Blossom Edp 100ml,$ 1.511,13% OFF,$ 3.570
42,Ollas Tramontina Juego Bateria De Cocina Turim Teflon Set 7,$ 7.66470,16% OFF,$ 8.810
43,Clavadora Engrampadora Neumatica Lusqtoff Grapadora 2 En 1,$ 6.83760,10% OFF,$ 8.140
44,4 Contenedores Plásticos Apilables Athena 6412a 60x40x12 Cm,$ 6.24150,37% OFF,$ 6.935
45,Auricular Deportivo Inalámbrico Bluetooth 5.0 In Ear Tactil,$ 2.499,10% OFF,$ 4.000
46,Samsung Galaxy M12 (5000 Mah) Dual Sim 128 Gb Black 4 Gb Ram,$ 35.999,10% OFF,$ 39.999
