username ,password,city,state
happywolf925,oyster,Taupo,West Coast
heavyfish851,nipper,Nelson,Auckland
greenfish561,junior,Vantaa,Northern Savonia
sadbird978,pookie,Tauranga,Hawke'S Bay
beautifulrabbit208,cheetah,Huntington Beach,Maryland
beautifulbear996,kissme,Merikarvia,Kainuu
smallmouse910,nguyen,Caen,Rhône
greenswan281,warning,Aarhus,Syddanmark
orangemouse520,luis,Murcia,Extremadura
lazyleopard467,enrico,Freiberg am Neckar,Bremen
happyrabbit591,8inches,Metz,Alpes-Maritimes
purplekoala685,bing,Hausjärvi,Kainuu
whitepanda506,iverson3,Hoelsand,Trøndelag
sadpanda105,duan,Elazığ,Çorum
ticklishfish306,titman,Maringá,Alagoas
goldenduck954,gasman,Notre Dame de Lourdes,Newfoundland and Labrador
redladybug520,hawaiian,خرم‌آباد,کرمان
angryladybug750,leader,Springfield,Florida
happybutterfly109,butthole,Mansfeld-Südharz,Mecklenburg-Vorpommern
brownkoala341,titanium,Asnières-sur-Seine,Val-D'Oise
purplemeercat798,noway,Viksøyri,Rogaland
beautifultiger663,1226,Aix-En-Provence,Moselle
sadkoala952,deeznutz,Sjøholt,Finnmark - Finnmárku
beautifulswan810,chewbacc,Kamen,Baden-Württemberg
yellowmeercat323,kkkkk,Paço do Lumiar,Pará
greengoose997,blues1,Erzurum,Kastamonu
blackdog630,life,Sund,Satakunta
lazyladybug300,printer,Isebakke,Hedmark
bluemeercat362,melons,Nowra,Australian Capital Territory
crazykoala741,doitnow,Toledo,País Vasco
